{"cameraMode":{"drawMode":0,"name":"Shaded","section":"Shading Mode"},"sceneLighting":true,"audioPlay":false,"sceneViewState":{"m_AlwaysRefresh":false,"showFog":true,"showSkybox":true,"showFlares":true,"showImageEffects":true,"showParticleSystems":true,"showVisualEffectGraphs":true,"m_FxEnabled":true},"in2DMode":false,"pivot":{"x":0.4115424156188965,"y":0.14879965782165528,"z":18.828380584716798},"rotation":{"x":0.17781944572925569,"y":-0.5066852569580078,"z":0.10766515880823136,"w":0.8367129564285278},"size":4.612640857696533,"orthographic":false}